Date,Description,Amount,Extended Details,Appears On Your Statement As,Address,City/State,Zip Code,Country,Reference,Category,Tags
02/19/2024,Con Edison Bill Paym(866)405-1924       NY,80.87,"48760796194 UTILITIES
Con Edison Bill Payment
(866)405-1924
NY
UTILITIES",Con Edison Bill Paym(866)405-1924       NY,"4 IRVING PLACE 2ND
FLOOR","NEW YORK
NY",10003,UNITED STATES,'320240510731962366',Other-Utilities,"electric,utilities"
02/19/2024,GglPay NYCT PAYGO   NEW YORK            NY,2.90,"00720079192 LOCAL TRANSPORTATION
GglPay NYCT PAYGO
NEW YORK
NY
LOCAL TRANSPORTATION",GglPay NYCT PAYGO   NEW YORK            NY,"ATTN NYCT CONTROLLER
2 BROADWAY 15TH FLOOR","NEW YORK
NY",10004,UNITED STATES,'320240510734431978',Transportation-Rail Services,ny subway
02/18/2024,GglPay MICRO CENTER BROOKLYN            NY,603.88,"115PO252634 3475639880
GglPay MICRO CENTER 115
BROOKLYN
NY
Description : CRUCIAL 1TB X6 PORT Price : 0.6999
Description : CRUCIAL 500GB X6 PO Price : 0.4499
Description : IPSG 128GB MICROSD Price : 0.1999
Description : IPSG 256GB MICROSD Price : 0.1799
3475639880",GglPay MICRO CENTER BROOKLYN            NY,850 3RD AVE,"BROOKLYN
NY",11232,UNITED STATES,'320240500709483226',Merchandise & Supplies-Computer Supplies,"retail,tech"
02/18/2024,GglPay TST* TURTLES BROOKLYN            NY,34.29,"21105174050 BAR/NIGHTCLUB
GglPay TST* TURTLES ALL THE WAY 00123707
BROOKLYN
NY
BAR/NIGHTCLUB",GglPay TST* TURTLES BROOKLYN            NY,236 MALCOLM X BLVD,"BROOKLYN
NY",11221,UNITED STATES,'320240500706363017',Restaurant-Bar & Café,bar
02/17/2024,GglPay KEY FOOD     BROOKLYN            NY,44.00,"005304001037184539277
GROCERY STORES
GglPay KEY FOOD
BROOKLYN
NY
GROCERY STORES
7184539277",GglPay KEY FOOD     BROOKLYN            NY,200 MALCOLM X BLVD,"BROOKLYN
NY",11221,UNITED STATES,'320240490686794951',Merchandise & Supplies-Groceries,grocery
02/17/2024,GglPay USPS PO 35080BROOKLYN            NY,35.50,"04812100438 8282621171
GglPay USPS PO 3508040310 001356467
BROOKLYN
NY
Description : POST SVCS GO Price : 0.355
8282621171",GglPay USPS PO 35080BROOKLYN            NY,1369 BROADWAY,"BROOKLYN
NY",11221,UNITED STATES,'320240490689424432',Business Services-Mailing & Shipping,"mail,souvenirs"
02/16/2024,GglPay KEY FOOD     BROOKLYN            NY,18.25,"00530400002 7184539277
GglPay KEY FOOD
BROOKLYN
NY
Description : GROCERY STORES Price : 0.1825
7184539277",GglPay KEY FOOD     BROOKLYN            NY,200 MALCOLM X BLVD,"BROOKLYN
NY",11221,UNITED STATES,'320240480662169276',Merchandise & Supplies-Groceries,grocery
02/16/2024,US MOBILE* US MOBILENEW YORK            NY,72.00,"NT_PZNU40HV +18782050088
US MOBILE* US MOBILE
NEW YORK
NY
+18782050088",US MOBILE* US MOBILENEW YORK            NY,"11 EAST 44TH STREET2ND
FLOOR","NEW YORK
NY",10017,UNITED STATES,'320240480673922048',Communications-Mobile Telecom,"esim,sim"
02/15/2024,GglPay BRITT BRASIL RIO DE JANEIRO,80.96,"00024021596 CANDY & CONFECTIONERY
GglPay BRITT BRASIL COMERCIO
RIO DE JANEIRO
CANDY & CONFECTIONERYForeign Spend Amount: 401.00 BRAZILIAN REAL Commission Amount:  Currency Exchange Rate: null",GglPay BRITT BRASIL RIO DE JANEIRO,"""VINTE DE JANEIRO, 0 - GALEAO""
RIO DE JANEIRO",,21941570,BRAZIL,'320240460607333323',Merchandise & Supplies-Groceries,"airport,gift shop,GIG,rio,souvenirs"
02/14/2024,GglPay BAR MAXIM S LRIO DE JANEIR,66.20,"RESTAURANT
GglPay BAR MAXIM S LTDA
RIO DE JANEIR
RESTAURANTForeign Spend Amount: 327.91 BRAZILIAN REAL Commission Amount:  Currency Exchange Rate: null",GglPay BAR MAXIM S LRIO DE JANEIR,"""AV ATLANTICA,1850""
A
RIO DE JANEIRO",,22021001,BRAZIL,'320240450579626713',Restaurant-Restaurant,"copacabana,dinner,restaurant,rio"
02/14/2024,GglPay CafeETabacariRIO DE JANEIR,1.62,"00024021415 CIGAR STORE & STAND
GglPay CafeETabacaria
RIO DE JANEIR
CIGAR STORE & STANDForeign Spend Amount: 8.00 BRAZILIAN REAL Commission Amount:  Currency Exchange Rate: null",GglPay CafeETabacariRIO DE JANEIR,"AVENIDA NOSSA SENHORA DE COPACABANA 68
3 A BOX 1
RIO DE JANEIRO",,22050002,BRAZIL,'320240450585980258',Merchandise & Supplies-General Retail,coffee
02/14/2024,GglPay SUPERMARKET  SAO GONCALO,4.25,"GROCERY STORE
GglPay SUPERMARKET
SAO GONCALO
GROCERY STOREForeign Spend Amount: 21.06 BRAZILIAN REAL Commission Amount:  Currency Exchange Rate: null",GglPay SUPERMARKET  SAO GONCALO,"""R BARATA RIBEIRO,502""
Nenhum
RIO DE JANEIRO",,22040002,BRAZIL,'320240450582340704',Merchandise & Supplies-Groceries,grocery
02/14/2024,SP+AFF* ANY MEANS NESAN FRANCISCO       CA,18.00,"NT_PYOWVKLI +18554233729
SP+AFF* ANY MEANS NECE
SAN FRANCISCO
CA
+18554233729",SP+AFF* ANY MEANS NESAN FRANCISCO       CA,"650 CALIFORNIA ST
12TH FLOOR","SAN FRANCISCO
CA",94108,UNITED STATES,'320240450586895470',Merchandise & Supplies-General Retail,"clothes,online"
02/13/2024,GglPay CHURRASCARIA RIO DE JANEIRO,71.64,"00024021394 CATERER
GglPay CHURRASCARIA PALACE
RIO DE JANEIRO
CATERERForeign Spend Amount: 354.82 BRAZILIAN REAL Commission Amount:  Currency Exchange Rate: null",GglPay CHURRASCARIA RIO DE JANEIRO,"""RODOLFO DANTAS, 16 - COPACABANA""
RIO DE JANEIRO",,22020040,BRAZIL,'320240450585498906',Restaurant-Restaurant,"copacabana,dinner,pumpkin jelly,restaurant,rio"
02/13/2024,GglPay Luizfernando RIO DE JANEIR,24.23,"00024021313 TRAVEL AGENCY
GglPay Luizfernando
RIO DE JANEIR
TRAVEL AGENCYForeign Spend Amount: 120.00 BRAZILIAN REAL Commission Amount:  Currency Exchange Rate: null",GglPay Luizfernando RIO DE JANEIR,"RUA COSME VELHO 985 LOJA C
RIO DE JANEIRO",,22241090,BRAZIL,'320240440561674109',Travel-Travel Agencies,"cristo redentor,rio,transportation"
02/13/2024,GglPay PAINEIRAS CORRIO DE JANEIRO,5.25,"00024021393 RESTAURANT
GglPay PAINEIRAS CORCOVADO
RIO DE JANEIRO
RESTAURANTForeign Spend Amount: 26.00 BRAZILIAN REAL Commission Amount:  Currency Exchange Rate: null",GglPay PAINEIRAS CORRIO DE JANEIRO,"""DAS PAINEIRAS, 0 - SANTA TERESA""
RIO DE JANEIRO",,22241330,BRAZIL,'320240440561713074',Restaurant-Restaurant,"coffee,cristo redentor,rio"
02/13/2024,GglPay PAINEIRAS CORRIO DE JANEIRO,32.91,"00024021393 AMUSEMENT PARK
GglPay PAINEIRAS CORCOVADO
RIO DE JANEIRO
AMUSEMENT PARKForeign Spend Amount: 163.00 BRAZILIAN REAL Commission Amount:  Currency Exchange Rate: null",GglPay PAINEIRAS CORRIO DE JANEIRO,"""DAS PAINEIRAS,  - SANTA TERESA""
RIO DE JANEIRO",,22241330,BRAZIL,'320240440561676981',Entertainment-Theme Parks,"cristo redentor,rio,souvenir"
02/13/2024,GglPay PAINEIRAS CORRIO DE JANEIRO,52.49,"00024021393 AMUSEMENT PARK
GglPay PAINEIRAS CORCOVADO
RIO DE JANEIRO
AMUSEMENT PARKForeign Spend Amount: 259.97 BRAZILIAN REAL Commission Amount:  Currency Exchange Rate: null",GglPay PAINEIRAS CORRIO DE JANEIRO,"""DAS PAINEIRAS,  - SANTA TERESA""
RIO DE JANEIRO",,22241330,BRAZIL,'320240440561709316',Entertainment-Theme Parks,"cristo redentor,park admission,rio"
02/12/2024,AIRALO              SINGAPORE           SG,26.00,"NT_PY7I8K3F +6583029360
AIRALO
SINGAPORE
SG
+6583029360",AIRALO              SINGAPORE           SG,"79 ANSON ROAD
SINGAPORE",,079906,SINGAPORE,'320240430540614569',Business Services-Internet Services,"esim,movistar,sim"
02/12/2024,GglPay CafeETabacariRIO DE JANEIR,1.61,"00024021212 CIGAR STORE & STAND
GglPay CafeETabacaria
RIO DE JANEIR
CIGAR STORE & STANDForeign Spend Amount: 8.00 BRAZILIAN REAL Commission Amount:  Currency Exchange Rate: null",GglPay CafeETabacariRIO DE JANEIR,"AVENIDA NOSSA SENHORA DE COPACABANA 68
3 A BOX 1
RIO DE JANEIRO",,22050002,BRAZIL,'320240430540874382',Merchandise & Supplies-General Retail,coffee
02/12/2024,GglPay FOTO GRAFICA RIO DE JANEIR,40.34,"PHOTO FINISHING
GglPay FOTO GRAFICA LTDA
RIO DE JANEIR
PHOTO FINISHINGForeign Spend Amount: 200.00 BRAZILIAN REAL Commission Amount:  Currency Exchange Rate: null",GglPay FOTO GRAFICA RIO DE JANEIR,"""VOLUNTARIOS DA PATRIA,45""
3 ANDAR SALA 307
RIO DE JANEIRO",,22270000,BRAZIL,'320240430537147943',Business Services-Printing & Publishing,"flamengo museum,professional photo"
02/12/2024,GglPay GAVEA FLA ARTRIO DE JANEIRO,80.76,"FAMILY CLOTHING
GglPay GAVEA FLA ARTIGOS DO V
RIO DE JANEIRO
FAMILY CLOTHINGForeign Spend Amount: 399.99 BRAZILIAN REAL Commission Amount:  Currency Exchange Rate: null",GglPay GAVEA FLA ARTRIO DE JANEIRO,"AV BORGES DE MEDEIROS 997 LEBLON
RIO DE JANEIRO",,22430041,BRAZIL,'320240440564644634',Merchandise & Supplies-Clothing Stores,"flamengo museum,gift shop"
02/12/2024,GglPay ImplyRental  SANTA CRUZ DO,16.14,"00024021212 VIDEO GAME ARCADE
GglPay ImplyRental
SANTA CRUZ DO
VIDEO GAME ARCADEForeign Spend Amount: 80.00 BRAZILIAN REAL Commission Amount:  Currency Exchange Rate: null",GglPay ImplyRental  SANTA CRUZ DO,"RODOVIA RSC-287 KM 105 - IMPLY TECNOL
OGIA ELETRONICA SA 0 KM 105
SANTA CRUZ DO SUL",,96815911,BRAZIL,'320240430537786452',Entertainment-Other Entertainment,"flamengo museum,tour"
02/12/2024,GglPay O CARANGUEJO RIO DE JANEIRO,201.89,"RESTAURANT
GglPay O CARANGUEJO
RIO DE JANEIRO
RESTAURANTForeign Spend Amount: 1000.00 BRAZILIAN REAL Commission Amount:  Currency Exchange Rate: null",GglPay O CARANGUEJO RIO DE JANEIRO,"R XAVIER DA SILVEIRA 98 COPACABANA LJ
A
RIO DE JANEIRO",,22061010,BRAZIL,'320240440563595180',Restaurant-Restaurant,"moqueca,restaurant,seafood"
02/12/2024,GglPay PAO DE ACUCARR. DE JANEIRO,2.12,"GROCERY STORE
GglPay PAO DE ACUCAR 5073 COP
R. DE JANEIRO
GROCERY STOREForeign Spend Amount: 10.49 BRAZILIAN REAL Commission Amount:  Currency Exchange Rate: null",GglPay PAO DE ACUCARR. DE JANEIRO,"AV N SRA DE COPACABANA 1017 COPACABANA
LOJAS AB E C PARTE
RIO DE JANEIRO",,22060001,BRAZIL,'320240440563491128',Merchandise & Supplies-Groceries,grocery
02/12/2024,GglPay ZONA SUL FL 2RIO DE JANEIR,2.46,"GROCERY STORE
GglPay ZONA SUL FL 26
RIO DE JANEIR
GROCERY STOREForeign Spend Amount: 12.17 BRAZILIAN REAL Commission Amount:  Currency Exchange Rate: null",GglPay ZONA SUL FL 2RIO DE JANEIR,"""AV NOSSA SENHORA DE COPACABANA,591""
/595
RIO DE JANEIRO",,22050002,BRAZIL,'320240430541432605',Merchandise & Supplies-Groceries,grocery
02/11/2024,GglPay CEVICHE      RIO DE JANEIRO,42.16,"RESTAURANT
GglPay CEVICHE
RIO DE JANEIRO
RESTAURANTForeign Spend Amount: 209.00 BRAZILIAN REAL Commission Amount:  Currency Exchange Rate: null",GglPay CEVICHE      RIO DE JANEIRO,"R ARNALDO QUINTELA 66 BOTAFOGO LOJA B
LOJA A
RIO DE JANEIRO",,22280070,BRAZIL,'320240430542809999',Restaurant-Restaurant,"dinner,peruvian,restaurant"
02/11/2024,GglPay CafeETabacariRIO DE JANEIR,2.02,"00024021110 CIGAR STORE & STAND
GglPay CafeETabacaria
RIO DE JANEIR
CIGAR STORE & STANDForeign Spend Amount: 10.00 BRAZILIAN REAL Commission Amount:  Currency Exchange Rate: null",GglPay CafeETabacariRIO DE JANEIR,"AVENIDA NOSSA SENHORA DE COPACABANA 68
3 A BOX 1
RIO DE JANEIRO",,22050002,BRAZIL,'320240420509726819',Merchandise & Supplies-General Retail,coffee
02/11/2024,GglPay HANNA SANTA CRIO DE JANEIR,4.03,"FAST FOOD RESTAURANT
GglPay HANNA SANTA CLARA
RIO DE JANEIR
FAST FOOD RESTAURANTForeign Spend Amount: 20.00 BRAZILIAN REAL Commission Amount:  Currency Exchange Rate: null",GglPay HANNA SANTA CRIO DE JANEIR,"""R SANTA CLARA,118""
LJ A
RIO DE JANEIRO",,22041012,BRAZIL,'320240420513239757',Restaurant-Bar & Café,restaurant
02/11/2024,GglPay PANIFICADORA RIO DE JANEIRO,5.69,"BAKERY
GglPay PANIFICADORA E CONFEIT
RIO DE JANEIRO
BAKERYForeign Spend Amount: 28.20 BRAZILIAN REAL Commission Amount:  Currency Exchange Rate: null",GglPay PANIFICADORA RIO DE JANEIRO,"R  RAIMUNDO CORREIA 9 COPACABANA
RIO DE JANEIRO",,22040041,BRAZIL,'320240430541908655',Merchandise & Supplies-Groceries,"pao da pollo,restaurant"
02/11/2024,GglPay THE BAKERS   RIO DE JANEIRO,9.82,"BAKERY
GglPay THE BAKERS
RIO DE JANEIRO
BAKERYForeign Spend Amount: 48.70 BRAZILIAN REAL Commission Amount:  Currency Exchange Rate: null",GglPay THE BAKERS   RIO DE JANEIRO,"R STA CLARA 86 COPACABANA LJ B
RIO DE JANEIRO",,22041012,BRAZIL,'320240430541917669',Merchandise & Supplies-Groceries,"bakery,restaurant"
02/11/2024,GglPay Zig          SAO PAULO,130.11,"00024021110 WHOLESALE CLUB
GglPay Zig
SAO PAULO
WHOLESALE CLUBForeign Spend Amount: 645.00 BRAZILIAN REAL Commission Amount:  Currency Exchange Rate: null",GglPay Zig          SAO PAULO,"AVENIDA DAS NACOES UNIDAS 12399 73B
SAO PAULO",,04578000,BRAZIL,'320240420513933224',Merchandise & Supplies-Wholesale Stores,"fun card,zig"
02/10/2024,GglPay 2228RAIA     RIO DE JANEIR,16.34,"DRUG STORE/PHARMACY
GglPay 2228RAIA
RIO DE JANEIR
DRUG STORE/PHARMACYForeign Spend Amount: 80.98 BRAZILIAN REAL Commission Amount:  Currency Exchange Rate: null",GglPay 2228RAIA     RIO DE JANEIR,"""R FIGUEIREDO MAGALHAES,304""
B
RIO DE JANEIRO",,22031012,BRAZIL,'320240410494593607',Merchandise & Supplies-Pharmacies,"pharmacy,sunblock"
02/10/2024,GglPay AmauriPereiraRIO DE JANEIR,6.05,"00024021009 MISC FOOD STORE
GglPay AmauriPereira
RIO DE JANEIR
MISC FOOD STOREForeign Spend Amount: 30.00 BRAZILIAN REAL Commission Amount:  Currency Exchange Rate: null",GglPay AmauriPereiraRIO DE JANEIR,"RUA MINISTRO PINTO DA LUZ 1185 FUNDOS
RIO DE JANEIRO",,21010110,BRAZIL,'320240410489483273',Merchandise & Supplies-Groceries,?
02/10/2024,GglPay CAFE E TABACARIO DE JANEIRO      BR,1.61,"CIGAR STORE & STAND
GglPay CAFE E TABACARIA LOLLO
RIO DE JANEIRO
BR
CIGAR STORE & STANDForeign Spend Amount: 8.00 BRAZILIAN REAL Commission Amount:  Currency Exchange Rate: null",GglPay CAFE E TABACARIO DE JANEIRO      BR,"""AV NOSSA SENHORA DE COPACABANA, 683""
Rio de Janeiro",,22050002,BRAZIL,'320240420517002985',Merchandise & Supplies-General Retail,coffee
02/10/2024,GglPay CafeETabacariRIO DE JANEIR,1.61,"00024021009 CIGAR STORE & STAND
GglPay CafeETabacaria
RIO DE JANEIR
CIGAR STORE & STANDForeign Spend Amount: 8.00 BRAZILIAN REAL Commission Amount:  Currency Exchange Rate: null",GglPay CafeETabacariRIO DE JANEIR,"AVENIDA NOSSA SENHORA DE COPACABANA 68
3 A BOX 1
RIO DE JANEIRO",,22050002,BRAZIL,'320240410490506955',Merchandise & Supplies-General Retail,coffee
02/10/2024,GglPay DouglasDeSouzRIO DE JANEIR,64.55,"00024021008 PROFESSIONAL SERVICE
GglPay DouglasDeSouza
RIO DE JANEIR
PROFESSIONAL SERVICEForeign Spend Amount: 320.00 BRAZILIAN REAL Commission Amount:  Currency Exchange Rate: null",GglPay DouglasDeSouzRIO DE JANEIR,"RUA ITAJUBA 29 CS A 4 FD SB
RIO DE JANEIRO",,21060320,BRAZIL,'320240410490371684',Business Services-Professional Services,rio
02/10/2024,GglPay LANCHONETE LARIO DE JANEIRO,8.57,"FAST FOOD RESTAURANT
GglPay LANCHONETE LA PERLA
RIO DE JANEIRO
FAST FOOD RESTAURANTForeign Spend Amount: 42.50 BRAZILIAN REAL Commission Amount:  Currency Exchange Rate: null",GglPay LANCHONETE LARIO DE JANEIRO,"R BARATA RIBEIRO 00467 COPACABANA A
RIO DE JANEIRO",,22051002,BRAZIL,'320240420516046085',Restaurant-Bar & Café,restaurant
02/10/2024,GglPay MERCADO EXTRAR. DE JANEIRO,11.59,"GROCERY STORE
GglPay MERCADO EXTRA 5290 COP
R. DE JANEIRO
GROCERY STOREForeign Spend Amount: 57.46 BRAZILIAN REAL Commission Amount:  Currency Exchange Rate: null",GglPay MERCADO EXTRAR. DE JANEIRO,"RUA SIQUEIRA CAMPOS 143 COPACABANA LJ
48 49
RIO DE JANEIRO",,22031071,BRAZIL,'320240420516857674',Merchandise & Supplies-Groceries,grocery
02/10/2024,Robatarestaurante   RIO DE JANEIR,80.99,"00024021009 RESTAURANT
Robatarestaurante
RIO DE JANEIR
RESTAURANTForeign Spend Amount: 401.50 BRAZILIAN REAL Commission Amount:  Currency Exchange Rate: null",Robatarestaurante   RIO DE JANEIR,"RUA FARANI 20 CASA
RIO DE JANEIRO",,22231020,BRAZIL,'320240420515243740',Restaurant-Restaurant,restaurant
02/09/2024,GglPay JAPPA DA QUITRIO DE JANEIRO,89.22,"00024020988 RESTAURANT
GglPay JAPPA DA QUITANDA IPAN
RIO DE JANEIRO
RESTAURANTForeign Spend Amount: 442.29 BRAZILIAN REAL Commission Amount:  Currency Exchange Rate: null",GglPay JAPPA DA QUITRIO DE JANEIRO,"""BARAO DA TORRE, 422 - IPANEMA""
RIO DE JANEIRO",,22411002,BRAZIL,'320240410494024980',Restaurant-Restaurant,restaurant
02/09/2024,GglPay MAIS1 CAFE RIRIO DE JANEIRO      BR,6.56,"FAST FOOD RESTAURANT
GglPay MAIS1 CAFE RIO DE JANE
RIO DE JANEIRO
BR
FAST FOOD RESTAURANTForeign Spend Amount: 32.50 BRAZILIAN REAL Commission Amount:  Currency Exchange Rate: null",GglPay MAIS1 CAFE RIRIO DE JANEIRO      BR,"""BARATA RIBEIRO, 611""
LOJA D
Rio de Janeiro",,22051001,BRAZIL,'320240410495385121',Restaurant-Bar & Café,coffee
02/09/2024,GglPay XODOZIN      RIO DE JANEIRO      BR,4.03,"CAR WASH
GglPay XODOZIN
RIO DE JANEIRO
BR
CAR WASHForeign Spend Amount: 20.00 BRAZILIAN REAL Commission Amount:  Currency Exchange Rate: null",GglPay XODOZIN      RIO DE JANEIRO      BR,"""Rua Leopoldo Miguez, 29""
cobertura 2
Rio de Janeiro",,22060020,BRAZIL,'320240410496609593',Business Services-Other Services,"copacabana,lunch,restaurant,rio"
02/08/2024,ELECTRONIC PAYMENT RECEIVED-THANK,-12743.00,ELECTRONIC PAYMENT RECEIVED-THANK,ELECTRONIC PAYMENT RECEIVED-THANK,,,,,'320240390454412112',,
02/08/2024,GglPay BISCUIT      RIO DE JANEIRO      BR,5.74,"FAST FOOD RESTAURANT
GglPay BISCUIT
RIO DE JANEIRO
BR
FAST FOOD RESTAURANTForeign Spend Amount: 28.50 BRAZILIAN REAL Commission Amount:  Currency Exchange Rate: null",GglPay BISCUIT      RIO DE JANEIRO      BR,"""R. Carvalho De Mendonca, 35""
Rio de Janeiro",,22020040,BRAZIL,'320240400470153012',Restaurant-Bar & Café,"restaurant,rio"
02/08/2024,GglPay Finns        RIO DE JANEIR,45.55,"00024020805 FAST FOOD RESTAURANT
GglPay Finns
RIO DE JANEIR
FAST FOOD RESTAURANTForeign Spend Amount: 226.27 BRAZILIAN REAL Commission Amount:  Currency Exchange Rate: null",GglPay Finns        RIO DE JANEIR,"AVENIDA ATLANTICA 0 QUIOSQUE 13 FINNS
EM FRENTE AO N 2064
RIO DE JANEIRO",,22070000,BRAZIL,'320240400468510853',Restaurant-Bar & Café,"copacabana,dinner,restaurant"
02/08/2024,GglPay MarDeCopa    RIO DE JANEIR,8.44,"00024020805 BAR/NIGHTCLUB
GglPay MarDeCopa
RIO DE JANEIR
BAR/NIGHTCLUBForeign Spend Amount: 41.80 BRAZILIAN REAL Commission Amount:  Currency Exchange Rate: null",GglPay MarDeCopa    RIO DE JANEIR,"AVENIDA ATLANTICA 0 QUISQUE 21 E 22 MA
R DE COPA
RIO DE JANEIRO",,22021000,BRAZIL,'320240390456764674',Restaurant-Bar & Café,"copacabana,lunch,restaurant,rio"
02/08/2024,GglPay PAO DE ACUCARR. DE JANEIRO,28.67,"GROCERY STORE
GglPay PAO DE ACUCAR 1412 SIQ
R. DE JANEIRO
GROCERY STOREForeign Spend Amount: 142.39 BRAZILIAN REAL Commission Amount:  Currency Exchange Rate: null",GglPay PAO DE ACUCARR. DE JANEIRO,"RUA SIQUEIRA CAMPOS 97 COPACABANA
RIO DE JANEIRO",,22031071,BRAZIL,'320240400470210697',Merchandise & Supplies-Groceries,"copacabana,grocery,rio"
02/08/2024,GglPay TIENDA SALAR SANTIAGO,6.90,"GROCERY STORE
GglPay TIENDA SALAR DEL SOL
SANTIAGO
GROCERY STOREForeign Spend Amount: 6500.00 CHILEAN PESO Commission Amount:  Currency Exchange Rate: null",GglPay TIENDA SALAR SANTIAGO,"AEROPUERTO AMB JEAN MERMOZ 2150 LOCAL
SANTIAGO",,,CHILE,'320240390444955591',Merchandise & Supplies-Groceries,"airport,chile,monster,peanuts,santiago,SCL"
02/08/2024,QuiosqueSanta       RIO DE JANEIR,13.77,"00024020805 BAR/NIGHTCLUB
QuiosqueSanta
RIO DE JANEIR
BAR/NIGHTCLUBForeign Spend Amount: 68.21 BRAZILIAN REAL Commission Amount:  Currency Exchange Rate: null",QuiosqueSanta       RIO DE JANEIR,"AVENIDA ATLANTICA 0 QC25 QC26 QUIOSQUE
RIO DE JANEIRO",,22010000,BRAZIL,'320240390438617238',Restaurant-Bar & Café,"copacabana,lunch,restaurant,rio"
02/07/2024,GglPay KEY FOOD     BROOKLYN            NY,8.02,"006003000607184539277
GROCERY STORES
GglPay KEY FOOD
BROOKLYN
NY
GROCERY STORES
7184539277",GglPay KEY FOOD     BROOKLYN            NY,200 MALCOLM X BLVD,"BROOKLYN
NY",11221,UNITED STATES,'320240390445149190',Merchandise & Supplies-Groceries,grocery
02/07/2024,GglPay MALCOLM X CONBROOKLYN            NY,10.40,"85183534039917-378-8990
GglPay MALCOLM X CONVENIENCE
BROOKLYN
NY
917-378-8990",GglPay MALCOLM X CONBROOKLYN            NY,199 MALCOLM X BLVD,"BROOKLYN
NY",11221,UNITED STATES,'320240390454913537',Merchandise & Supplies-Groceries,head shop
02/07/2024,GglPay NYCT PAYGO   NEW YORK            NY,2.90,"00717987595 LOCAL TRANSPORTATION
GglPay NYCT PAYGO
NEW YORK
NY
LOCAL TRANSPORTATION",GglPay NYCT PAYGO   NEW YORK            NY,"ATTN NYCT CONTROLLER
2 BROADWAY 15TH FLOOR","NEW YORK
NY",10004,UNITED STATES,'320240390445693904',Transportation-Rail Services,ny subway
02/07/2024,GglPay NYCT PAYGO   NEW YORK            NY,8.25,"00718015334 LOCAL TRANSPORTATION
GglPay NYCT PAYGO
NEW YORK
NY
LOCAL TRANSPORTATION",GglPay NYCT PAYGO   NEW YORK            NY,"ATTN NYCT CONTROLLER
2 BROADWAY 15TH FLOOR","NEW YORK
NY",10004,UNITED STATES,'320240390445909734',Transportation-Rail Services,ny subway
02/07/2024,SHINEPAY LAUNDRY APPHAYWARD             CA,15.35,"NT_PWEHIVZ0 +15106169693
SHINEPAY LAUNDRY APP
HAYWARD
CA
+15106169693",SHINEPAY LAUNDRY APPHAYWARD             CA,"20511 SKYWEST DR
HANGER 3J","HAYWARD
CA",94541,UNITED STATES,'320240380418687718',Merchandise & Supplies-Computer Supplies,laundry
02/06/2024,GglPay KEY FOOD     BROOKLYN            NY,11.82,"006003000447184539277
GROCERY STORES
GglPay KEY FOOD
BROOKLYN
NY
GROCERY STORES
7184539277",GglPay KEY FOOD     BROOKLYN            NY,200 MALCOLM X BLVD,"BROOKLYN
NY",11221,UNITED STATES,'320240380422066838',Merchandise & Supplies-Groceries,grocery
02/06/2024,GglPay NYCT PAYGO   NEW YORK            NY,2.90,"00717876318 LOCAL TRANSPORTATION
GglPay NYCT PAYGO
NEW YORK
NY
LOCAL TRANSPORTATION",GglPay NYCT PAYGO   NEW YORK            NY,"ATTN NYCT CONTROLLER
2 BROADWAY 15TH FLOOR","NEW YORK
NY",10004,UNITED STATES,'320240380421289414',Transportation-Rail Services,ny subway
02/06/2024,LUANNE WILD GINGER ABROOKLYN            NY,44.30,"85347014038718-638-8868
LUANNE WILD GINGER ALL
BROOKLYN
NY
718-638-8868",LUANNE WILD GINGER ABROOKLYN            NY,235 DEKALB AVE,"BROOKLYN
NY",11205,UNITED STATES,'320240380431092992',Restaurant-Restaurant,restaurant
02/05/2024,GglPay KEY FOOD     BROOKLYN            NY,8.89,"00600400020 7184539277
GglPay KEY FOOD
BROOKLYN
NY
Description : GROCERY STORES Price : 0.0889
7184539277",GglPay KEY FOOD     BROOKLYN            NY,200 MALCOLM X BLVD,"BROOKLYN
NY",11221,UNITED STATES,'320240370399653056',Merchandise & Supplies-Groceries,grocery
02/05/2024,GglPay NYCT PAYGO   NEW YORK            NY,2.90,"00717657286 LOCAL TRANSPORTATION
GglPay NYCT PAYGO
NEW YORK
NY
LOCAL TRANSPORTATION",GglPay NYCT PAYGO   NEW YORK            NY,"ATTN NYCT CONTROLLER
2 BROADWAY 15TH FLOOR","NEW YORK
NY",10004,UNITED STATES,'320240370400267275',Transportation-Rail Services,ny subway
02/05/2024,INTUIT ORDER CHANNELSAN DIEGO,-10.00,"Amex Offer Credit
INTUIT ORDER CHANNEL
SAN DIEGO
Amex Offer Credit",INTUIT ORDER CHANNELSAN DIEGO,7535 TORREY SANTA FE RD,"SAN DIEGO
CA",92129-5704,UNITED STATES,'320240370397328757',Merchandise & Supplies-Computer Supplies,
02/03/2024,GglPay NYCT PAYGO   NEW YORK            NY,2.90,"00717301151 LOCAL TRANSPORTATION
GglPay NYCT PAYGO
NEW YORK
NY
LOCAL TRANSPORTATION",GglPay NYCT PAYGO   NEW YORK            NY,"ATTN NYCT CONTROLLER
2 BROADWAY 15TH FLOOR","NEW YORK
NY",10004,UNITED STATES,'320240350354270854',Transportation-Rail Services,ny subway
02/03/2024,GglPay NYCT PAYGO   NEW YORK            NY,2.90,"00717324433 LOCAL TRANSPORTATION
GglPay NYCT PAYGO
NEW YORK
NY
LOCAL TRANSPORTATION",GglPay NYCT PAYGO   NEW YORK            NY,"ATTN NYCT CONTROLLER
2 BROADWAY 15TH FLOOR","NEW YORK
NY",10004,UNITED STATES,'320240350354422897',Transportation-Rail Services,ny subway
02/03/2024,GglPay NYCT PAYGO   NEW YORK            NY,2.90,"00717243850 LOCAL TRANSPORTATION
GglPay NYCT PAYGO
NEW YORK
NY
LOCAL TRANSPORTATION",GglPay NYCT PAYGO   NEW YORK            NY,"ATTN NYCT CONTROLLER
2 BROADWAY 15TH FLOOR","NEW YORK
NY",10004,UNITED STATES,'320240350356561711',Transportation-Rail Services,ny subway
02/03/2024,GglPay WILLIAM'S CANBROOKLYN            NY,6.00,"62800017    917-750-1299
GglPay WILLIAM'S CANDY 0000
BROOKLYN
NY
Description : FAST FOOD RESTAURAN Price : 0.00
917-750-1299",GglPay WILLIAM'S CANBROOKLYN            NY,1318 SURF AVE,"BROOKLYN
NY",11224,UNITED STATES,'320240350354256328',Restaurant-Bar & Café,"candy apple,coney island"
02/03/2024,SHINEPAY LAUNDRY APPHAYWARD             CA,5.35,"NT_PUJD9AR6 +15106169693
SHINEPAY LAUNDRY APP
HAYWARD
CA
+15106169693",SHINEPAY LAUNDRY APPHAYWARD             CA,"20511 SKYWEST DR
HANGER 3J","HAYWARD
CA",94541,UNITED STATES,'320240340325499309',Merchandise & Supplies-Computer Supplies,laundry
02/02/2024,EIP PMT WEB         800-937-8997        WA,14.00,"5468075320 112434209        98006
EIP PMT WEB
800-937-8997
WA
112434209        98006",EIP PMT WEB         800-937-8997        WA,12920 SOUTH EAST 38TH ST,"BELLEVUE
WA",98006,UNITED STATES,'320240340339147536',Communications-Mobile Telecom,tmobile
02/02/2024,EIP PMT WEB         800-937-8997        WA,28.00,"5468076842 112434209        98006
EIP PMT WEB
800-937-8997
WA
112434209        98006",EIP PMT WEB         800-937-8997        WA,12920 SOUTH EAST 38TH ST,"BELLEVUE
WA",98006,UNITED STATES,'320240340339151864',Communications-Mobile Telecom,tmobile
02/02/2024,EIP PMT WEB         800-937-8997        WA,58.34,"5468076072 112434209        98006
EIP PMT WEB
800-937-8997
WA
112434209        98006",EIP PMT WEB         800-937-8997        WA,12920 SOUTH EAST 38TH ST,"BELLEVUE
WA",98006,UNITED STATES,'320240340339148848',Communications-Mobile Telecom,tmobile
02/02/2024,EIP PMT WEB         800-937-8997        WA,141.51,"5468077276 112434209        98006
EIP PMT WEB
800-937-8997
WA
112434209        98006",EIP PMT WEB         800-937-8997        WA,12920 SOUTH EAST 38TH ST,"BELLEVUE
WA",98006,UNITED STATES,'320240340339151999',Communications-Mobile Telecom,tmobile
02/02/2024,GglPay KEY FOOD     BROOKLYN            NY,13.28,"00530400047 7184539277
GglPay KEY FOOD
BROOKLYN
NY
Description : GROCERY STORES Price : 0.1328
7184539277",GglPay KEY FOOD     BROOKLYN            NY,200 MALCOLM X BLVD,"BROOKLYN
NY",11221,UNITED STATES,'320240340331348755',Merchandise & Supplies-Groceries,grocery
02/02/2024,GglPay VAPE AND CLOUBROOKLYN            NY,20.80,"85183534035347-788-2322
GglPay VAPE AND CLOUD CORP
BROOKLYN
NY
347-788-2322",GglPay VAPE AND CLOUBROOKLYN            NY,896 QUINCY ST,"BROOKLYN
NY",11221,UNITED STATES,'320240350363065105',Merchandise & Supplies-General Retail,"head shop,pen"
02/02/2024,INTUIT *TURBOTAX    800-446-8848        CA,127.38,"85110O17069 CL.INTUIT.COM
INTUIT *TURBOTAX
800-446-8848
CA
CL.INTUIT.COM",INTUIT *TURBOTAX    800-446-8848        CA,7535 TORREY SANTA FE RD,"SAN DIEGO
CA",92129-5704,UNITED STATES,'320240340327238038',Merchandise & Supplies-Computer Supplies,turbotax
02/02/2024,SERVICE FEE 00000000FRANKLIN            TN,242.58,"53417717    8886585465
SERVICE FEE 000000001
FRANKLIN
TN
8886585465",SERVICE FEE 00000000FRANKLIN            TN,5000 ELLIN RD,"LANHAM
MD",20706,UNITED STATES,'320240350359117996',Other-Miscellaneous,irs
02/02/2024,US TREAS TAX PYMT 00FRANKLIN            TN,9742.00,"53417769    8886585465
US TREAS TAX PYMT 000000001
FRANKLIN
TN
8886585465",US TREAS TAX PYMT 00FRANKLIN            TN,5000 ELLIN RD,"LANHAM
MD",20706,UNITED STATES,'320240350361653401',Other-Miscellaneous,irs
02/01/2024,GglPay NYCT PAYGO   NEW YORK            NY,2.90,"00716999107 LOCAL TRANSPORTATION
GglPay NYCT PAYGO
NEW YORK
NY
LOCAL TRANSPORTATION",GglPay NYCT PAYGO   NEW YORK            NY,"ATTN NYCT CONTROLLER
2 BROADWAY 15TH FLOOR","NEW YORK
NY",10004,UNITED STATES,'320240330305185894',Transportation-Rail Services,ny subway
02/01/2024,GglPay NYCT PAYGO   NEW YORK            NY,2.90,"00717009076 LOCAL TRANSPORTATION
GglPay NYCT PAYGO
NEW YORK
NY
LOCAL TRANSPORTATION",GglPay NYCT PAYGO   NEW YORK            NY,"ATTN NYCT CONTROLLER
2 BROADWAY 15TH FLOOR","NEW YORK
NY",10004,UNITED STATES,'320240330305297470',Transportation-Rail Services,ny subway
01/31/2024,GglPay KEY FOOD     BROOKLYN            NY,35.02,"00490400082 7184539277
GglPay KEY FOOD
BROOKLYN
NY
Description : GROCERY STORES Price : 0.3502
7184539277",GglPay KEY FOOD     BROOKLYN            NY,200 MALCOLM X BLVD,"BROOKLYN
NY",11221,UNITED STATES,'320240320276173676',Merchandise & Supplies-Groceries,grocery
01/30/2024,SP+AFF* ANY MEANS NESAN FRANCISCO       CA,18.00,"NT_PTHCPSAH +18554233729
SP+AFF* ANY MEANS NECE
SAN FRANCISCO
CA
+18554233729",SP+AFF* ANY MEANS NESAN FRANCISCO       CA,"650 CALIFORNIA ST
12TH FLOOR","SAN FRANCISCO
CA",94108,UNITED STATES,'320240300225680908',Merchandise & Supplies-General Retail,"clothes,retail"
01/30/2024,VERIZONRECURRING PAY800-VERIZON         FL,59.99,"283743301151572994090001    32746
VERIZONRECURRING PAY
800-VERIZON
FL
1572994090001    32746",VERIZONRECURRING PAY800-VERIZON         FL,"600 HIDDEN RDG HQE04N40
PO BOX 152092","IRVING
TX",75015,UNITED STATES,'320240300236372905',Communications-Telephone Comm,internet
01/29/2024,GglPay IC* W  J LIQ SAN FRANCISCO       CA,27.04,"NT_PSWUXVWY +18882467822
GglPay IC* W  J LIQ VIA INSTA
SAN FRANCISCO
CA
+18882467822",GglPay IC* W  J LIQ SAN FRANCISCO       CA,50 BEALE ST,"SAN FRANCISCO
CA",941,UNITED STATES,'320240290200896368',Merchandise & Supplies-Groceries,"instacart,sake"
01/29/2024,GglPay NYCT PAYGO   NEW YORK            NY,2.90,"00716329913 LOCAL TRANSPORTATION
GglPay NYCT PAYGO
NEW YORK
NY
LOCAL TRANSPORTATION",GglPay NYCT PAYGO   NEW YORK            NY,"ATTN NYCT CONTROLLER
2 BROADWAY 15TH FLOOR","NEW YORK
NY",10004,UNITED STATES,'320240300230670739',Transportation-Rail Services,ny subway
01/28/2024,GglPay AVANT-GARDE UNew York            NY,53.57,"Zc4Kv1tcLRx squareup.com/receipts
GglPay AVANT-GARDE USA LLC
New York
NY
squareup.com/receipts",GglPay AVANT-GARDE UNew York            NY,271 WEST 11TH ST,"NEW YORK
NY",10014,UNITED STATES,'320240280192554726',Entertainment-General Attractions,"bar,concert,sofar"
01/28/2024,GglPay PEOPLES DEPARBROOKLYN            NY,91.35,"73011004029 PAUL@VANDASALES.COM
GglPay PEOPLES DEPARTMENT STORE 9416024130
BROOKLYN
NY
PAUL@VANDASALES.COM",GglPay PEOPLES DEPARBROOKLYN            NY,4 RALPH AVE,"BROOKLYN
NY",11221,UNITED STATES,'320240300236716157',Merchandise & Supplies-Department Stores,retail
01/28/2024,GglPay TRIANGLE DELIBROOKLYN            NY,4.00,"73011694028 TRIANGLWDELI@GMAIL.CO
TRIANGLWDELI@GMAIL.COM
GglPay TRIANGLE DELI CORP 690550110052597
BROOKLYN
NY
TRIANGLWDELI@GMAIL.COM",GglPay TRIANGLE DELIBROOKLYN            NY,1334 BROADWAY,"BROOKLYN
NY",11221,UNITED STATES,'320240290216665576',Merchandise & Supplies-Groceries,"bodega,grocery"
01/27/2024,GglPay NYCT PAYGO   NEW YORK            NY,2.10,"00716012121 LOCAL TRANSPORTATION
GglPay NYCT PAYGO
NEW YORK
NY
LOCAL TRANSPORTATION",GglPay NYCT PAYGO   NEW YORK            NY,"ATTN NYCT CONTROLLER
2 BROADWAY 15TH FLOOR","NEW YORK
NY",10004,UNITED STATES,'320240280185456190',Transportation-Rail Services,ny subway
01/27/2024,GglPay NYCT PAYGO   NEW YORK            NY,2.90,"00715998032 LOCAL TRANSPORTATION
GglPay NYCT PAYGO
NEW YORK
NY
LOCAL TRANSPORTATION",GglPay NYCT PAYGO   NEW YORK            NY,"ATTN NYCT CONTROLLER
2 BROADWAY 15TH FLOOR","NEW YORK
NY",10004,UNITED STATES,'320240280185334915',Transportation-Rail Services,ny subway
01/27/2024,GglPay NYCT PAYGO   NEW YORK            NY,2.90,"00715911087 LOCAL TRANSPORTATION
GglPay NYCT PAYGO
NEW YORK
NY
LOCAL TRANSPORTATION",GglPay NYCT PAYGO   NEW YORK            NY,"ATTN NYCT CONTROLLER
2 BROADWAY 15TH FLOOR","NEW YORK
NY",10004,UNITED STATES,'320240280186875753',Transportation-Rail Services,ny subway
01/27/2024,GglPay NYCT PAYGO   NEW YORK            NY,2.90,"00715927277 LOCAL TRANSPORTATION
GglPay NYCT PAYGO
NEW YORK
NY
LOCAL TRANSPORTATION",GglPay NYCT PAYGO   NEW YORK            NY,"ATTN NYCT CONTROLLER
2 BROADWAY 15TH FLOOR","NEW YORK
NY",10004,UNITED STATES,'320240280188242722',Transportation-Rail Services,ny subway
01/27/2024,GglPay NYCT PAYGO   NEW YORK            NY,2.90,"00715936469 LOCAL TRANSPORTATION
GglPay NYCT PAYGO
NEW YORK
NY
LOCAL TRANSPORTATION",GglPay NYCT PAYGO   NEW YORK            NY,"ATTN NYCT CONTROLLER
2 BROADWAY 15TH FLOOR","NEW YORK
NY",10004,UNITED STATES,'320240280188363520',Transportation-Rail Services,ny subway
01/26/2024,AMAZON MARKEPLACE NA PA,108.86,"14J5BDGIJNX MERCHANDISE
AMAZON MARKETPLACE NA PA
AMZN.COM/BILL
WA
MERCHANDISE",AMAZON MARKETPLACE NAMZN.COM/BILL       WA,410 TERRY AVE N,"SEATTLE
WA",98109,UNITED STATES,'320240270162484504',Merchandise & Supplies-Internet Purchase,"online,retail"
01/26/2024,GOOGLE *FEELD LTD   G.CO/HELPPAY#       CA,9.99,"A0TGCY7S    DIGITAL GOODS: GAMES
GOOGLE *FEELD LTD
G.CO/HELPPAY#
CA
DIGITAL GOODS: GAMES",GOOGLE *FEELD LTD   G.CO/HELPPAY#       CA,1600 AMPHITHEATRE PKWY,"MOUNTAIN VIEW
CA",94043-1351,UNITED STATES,'320240270170163508',Business Services-Internet Services,dating app
01/26/2024,GOOGLE *FEELD LTD   G.CO/HELPPAY#       CA,23.99,"A0TGTRBH    DIGITAL GOODS: GAMES
GOOGLE *FEELD LTD
G.CO/HELPPAY#
CA
DIGITAL GOODS: GAMES",GOOGLE *FEELD LTD   G.CO/HELPPAY#       CA,1600 AMPHITHEATRE PKWY,"MOUNTAIN VIEW
CA",94043-1351,UNITED STATES,'320240270170184117',Business Services-Internet Services,dating app
01/26/2024,GglPay KEY FOOD     BROOKLYN            NY,46.59,"005704000737184539277
GROCERY STORES
GglPay KEY FOOD
BROOKLYN
NY
GROCERY STORES
7184539277",GglPay KEY FOOD     BROOKLYN            NY,200 MALCOLM X BLVD,"BROOKLYN
NY",11221,UNITED STATES,'320240270161312271',Merchandise & Supplies-Groceries,grocery
01/26/2024,GglPay KIROLOS INC 0BROOKLYN            NY,8.84,"73011554026 SALES@ACTPAYMENT.COM
GglPay KIROLOS INC 055630000057026
BROOKLYN
NY
SALES@ACTPAYMENT.COM",GglPay KIROLOS INC 0BROOKLYN            NY,458 3RD AVE,"BROOKLYN
NY",11215,UNITED STATES,'320240270173068679',Merchandise & Supplies-Groceries,"bodega,grocery"
01/26/2024,GglPay MALCOLM X CONBROOKLYN            NY,26.00,"85183534028917-378-8990
GglPay MALCOLM X CONVENIENCE
BROOKLYN
NY
917-378-8990",GglPay MALCOLM X CONBROOKLYN            NY,199 MALCOLM X BLVD,"BROOKLYN
NY",11221,UNITED STATES,'320240280193202840',Merchandise & Supplies-Groceries,head shop
01/26/2024,GglPay NYCT PAYGO   NEW YORK            NY,2.90,"00715786352 LOCAL TRANSPORTATION
GglPay NYCT PAYGO
NEW YORK
NY
LOCAL TRANSPORTATION",GglPay NYCT PAYGO   NEW YORK            NY,"ATTN NYCT CONTROLLER
2 BROADWAY 15TH FLOOR","NEW YORK
NY",10004,UNITED STATES,'320240270163582812',Transportation-Rail Services,ny subway
01/26/2024,GglPay NYCT PAYGO   NEW YORK            NY,2.90,"00715773787 LOCAL TRANSPORTATION
GglPay NYCT PAYGO
NEW YORK
NY
LOCAL TRANSPORTATION",GglPay NYCT PAYGO   NEW YORK            NY,"ATTN NYCT CONTROLLER
2 BROADWAY 15TH FLOOR","NEW YORK
NY",10004,UNITED STATES,'320240270163608684',Transportation-Rail Services,ny subway
01/26/2024,GglPay SP BIG REUSE BROOKLYN            NY,11.92,"NT_PRR39JXH +17187258925
GglPay SP BIG REUSE
BROOKLYN
NY
+17187258925",GglPay SP BIG REUSE BROOKLYN            NY,1 12TH ST,"BROOKLYN
NY",11215,UNITED STATES,'320240260127317945',Merchandise & Supplies-General Retail,thrift store
01/26/2024,SOFAR SOUNDS        SOMERVILLE          MA,31.00,"NT_PRUDTHOA +16468465019
SOFAR SOUNDS
SOMERVILLE
MA
+16468465019",SOFAR SOUNDS        SOMERVILLE          MA,"259 ELM ST
2ND FLOOR","SOMERVILLE
MA",02144,UNITED STATES,'320240270173405238',Entertainment-General Events,"concert,entertainment"
01/25/2024,CARIBBEAN SPA LLC   BROOKLYN            NY,64.73,"85197014026 718-607-3722
CARIBBEAN SPA LLC
BROOKLYN
NY
718-607-3722",CARIBBEAN SPA LLC   BROOKLYN            NY,2107 WEST 5TH ST,"BROOKLYN
NY",11223,UNITED STATES,'320240260148289868',Entertainment-Associations,"health,massage"
01/25/2024,GglPay MUNCHIES BAGEBROOKLYN            NY,10.16,"85280004025718-490-5534
GglPay MUNCHIES BAGELS & MORE
BROOKLYN
NY
718-490-5534",GglPay MUNCHIES BAGEBROOKLYN            NY,839 BROADWAY,"BROOKLYN
NY",11206-7303,UNITED STATES,'320240250105242422',Merchandise & Supplies-Groceries,"bodega,grocery"
01/25/2024,GglPay NYCT PAYGO   NEW YORK            NY,2.90,"00715561337 LOCAL TRANSPORTATION
GglPay NYCT PAYGO
NEW YORK
NY
LOCAL TRANSPORTATION",GglPay NYCT PAYGO   NEW YORK            NY,"ATTN NYCT CONTROLLER
2 BROADWAY 15TH FLOOR","NEW YORK
NY",10004,UNITED STATES,'320240260137052764',Transportation-Rail Services,ny subway
01/25/2024,THE HOME DEPOT      BROOKLYN            NY,131.71,"01250695724 800-654-0688
THE HOME DEPOT
BROOKLYN
NY
800-654-0688",THE HOME DEPOT      BROOKLYN            NY,585 DEKALB AVE,"BROOKLYN
NY",11205,UNITED STATES,'320240260148522707',Merchandise & Supplies-Hardware Supplies,home improvement
01/24/2024,GglPay NYCT PAYGO   NEW YORK            NY,2.90,"00715425115 LOCAL TRANSPORTATION
GglPay NYCT PAYGO
NEW YORK
NY
LOCAL TRANSPORTATION",GglPay NYCT PAYGO   NEW YORK            NY,"ATTN NYCT CONTROLLER
2 BROADWAY 15TH FLOOR","NEW YORK
NY",10004,UNITED STATES,'320240250115174417',Transportation-Rail Services,ny subway
01/24/2024,GglPay NYCT PAYGO   NEW YORK            NY,2.90,"00715383174 LOCAL TRANSPORTATION
GglPay NYCT PAYGO
NEW YORK
NY
LOCAL TRANSPORTATION",GglPay NYCT PAYGO   NEW YORK            NY,"ATTN NYCT CONTROLLER
2 BROADWAY 15TH FLOOR","NEW YORK
NY",10004,UNITED STATES,'320240250117899785',Transportation-Rail Services,ny subway
01/23/2024,GglPay KEY FOOD     BROOKLYN            NY,61.12,"005803001637184539277
GROCERY STORES
GglPay KEY FOOD
BROOKLYN
NY
GROCERY STORES
7184539277",GglPay KEY FOOD     BROOKLYN            NY,200 MALCOLM X BLVD,"BROOKLYN
NY",11221,UNITED STATES,'320240240092327604',Merchandise & Supplies-Groceries,grocery
01/23/2024,MOBILE PAYMENT - THANK YOU,-2833.03,MOBILE PAYMENT - THANK YOU,MOBILE PAYMENT - THANK YOU,,,,,'320240230057005220',,
01/22/2024,GglPay COEXIST GAMINNew York            NY,25.05,"NC0r4gGezxQ squareup.com/receipts
GglPay COEXIST GAMING?
New York
NY
squareup.com/receipts",GglPay COEXIST GAMINNew York            NY,325 WEST 38 ST,"NEW YORK
NY",10018,UNITED STATES,'320240220050837794',Entertainment-Other Entertainment,entertainment
01/21/2024,GglPay NYCT PAYGO   NEW YORK            NY,2.90,"00714831122 LOCAL TRANSPORTATION
GglPay NYCT PAYGO
NEW YORK
NY
LOCAL TRANSPORTATION",GglPay NYCT PAYGO   NEW YORK            NY,"ATTN NYCT CONTROLLER
2 BROADWAY 15TH FLOOR","NEW YORK
NY",10004,UNITED STATES,'320240220045863095',Transportation-Rail Services,ny subway
01/21/2024,GglPay NYCT PAYGO   NEW YORK            NY,2.90,"00714855038 LOCAL TRANSPORTATION
GglPay NYCT PAYGO
NEW YORK
NY
LOCAL TRANSPORTATION",GglPay NYCT PAYGO   NEW YORK            NY,"ATTN NYCT CONTROLLER
2 BROADWAY 15TH FLOOR","NEW YORK
NY",10004,UNITED STATES,'320240220047219667',Transportation-Rail Services,ny subway
01/21/2024,KEY FOOD            BROOKLYN            NY,40.74,"004704001207184539277
GROCERY STORES
KEY FOOD
BROOKLYN
NY
GROCERY STORES
7184539277",KEY FOOD            BROOKLYN            NY,200 MALCOLM X BLVD,"BROOKLYN
NY",11221,UNITED STATES,'320240220047076794',Merchandise & Supplies-Groceries,grocery
01/20/2024,GglPay KEY FOOD     BROOKLYN            NY,24.09,"004703001287184539277
GROCERY STORES
GglPay KEY FOOD
BROOKLYN
NY
GROCERY STORES
7184539277",GglPay KEY FOOD     BROOKLYN            NY,200 MALCOLM X BLVD,"BROOKLYN
NY",11221,UNITED STATES,'320240210024632189',Merchandise & Supplies-Groceries,grocery
01/20/2024,GglPay PEOPLES DEPARBROOKLYN            NY,34.97,"73011004021 PAUL@VANDASALES.COM
GglPay PEOPLES DEPARTMENT STORE 9416024130
BROOKLYN
NY
PAUL@VANDASALES.COM",GglPay PEOPLES DEPARBROOKLYN            NY,4 RALPH AVE,"BROOKLYN
NY",11221,UNITED STATES,'320240220051240937',Merchandise & Supplies-Department Stores,retail
01/20/2024,THE HOME DEPOT 6957 BROOKLYN            NY,-87.93,"69572024-01 HOME SUPPLY WAREHOUSE
THE HOME DEPOT 6957
BROOKLYN
NY
HOME SUPPLY WAREHOUSE",THE HOME DEPOT 6957 BROOKLYN            NY,585 DEKALB AVE,"BROOKLYN
NY",11205,UNITED STATES,'320240200998061294',Merchandise & Supplies-Hardware Supplies,home improvement
01/19/2024,GglPay IKEA         BROOKLYN            NY,243.47,"99300075    888-888-4534
GglPay IKEA
BROOKLYN
NY
Description : FURNITURE/LAMP/LIGH Price : 0.00
888-888-4534",GglPay IKEA         BROOKLYN            NY,1 BEARD ST,"BROOKLYN
NY",11231,UNITED STATES,'320240200006259589',Merchandise & Supplies-Furnishing,furniture
01/19/2024,GglPay NYCT PAYGO   NEW YORK            NY,2.90,"00714575995 LOCAL TRANSPORTATION
GglPay NYCT PAYGO
NEW YORK
NY
LOCAL TRANSPORTATION",GglPay NYCT PAYGO   NEW YORK            NY,"ATTN NYCT CONTROLLER
2 BROADWAY 15TH FLOOR","NEW YORK
NY",10004,UNITED STATES,'320240200004365723',Transportation-Rail Services,ny subway
01/19/2024,THE HOME DEPOT      BROOKLYN            NY,3.62,"01190695722 800-654-0688
THE HOME DEPOT
BROOKLYN
NY
800-654-0688",THE HOME DEPOT      BROOKLYN            NY,585 DEKALB AVE,"BROOKLYN
NY",11205,UNITED STATES,'320240200994875699',Merchandise & Supplies-Hardware Supplies,home improvement
01/18/2024,GglPay TST* LE DISTRNEW YORK            NY,8.37,"YaCDOaqk400 2129818588
GglPay TST* LE DISTRICT 300612773
NEW YORK
NY
Description : RESTAURANTS Price : 0.0837
2129818588",GglPay TST* LE DISTRNEW YORK            NY,225 LIBERTY ST,"NEW YORK
NY",10281,UNITED STATES,'320240180952468733',Restaurant-Restaurant,coffee
01/18/2024,THE HOME DEPOT 6957 BROOKLYN            NY,245.49,"69572024-01 HOME SUPPLY WAREHOUSE
THE HOME DEPOT 6957
BROOKLYN
NY
HOME SUPPLY WAREHOUSE",THE HOME DEPOT 6957 BROOKLYN            NY,585 DEKALB AVE,"BROOKLYN
NY",11205,UNITED STATES,'320240190972029317',Merchandise & Supplies-Hardware Supplies,home improvement
01/17/2024,GglPay NYCT PAYGO   NEW YORK            NY,2.90,"00714185451 LOCAL TRANSPORTATION
GglPay NYCT PAYGO
NEW YORK
NY
LOCAL TRANSPORTATION",GglPay NYCT PAYGO   NEW YORK            NY,"ATTN NYCT CONTROLLER
2 BROADWAY 15TH FLOOR","NEW YORK
NY",10004,UNITED STATES,'320240180954445548',Transportation-Rail Services,ny subway
01/17/2024,GglPay NYCT PAYGO   NEW YORK            NY,2.90,"00714113163 LOCAL TRANSPORTATION
GglPay NYCT PAYGO
NEW YORK
NY
LOCAL TRANSPORTATION",GglPay NYCT PAYGO   NEW YORK            NY,"ATTN NYCT CONTROLLER
2 BROADWAY 15TH FLOOR","NEW YORK
NY",10004,UNITED STATES,'320240180955121400',Transportation-Rail Services,ny subway
01/17/2024,GglPay UTRECHTART800NEW YORK            NY,143.49,"807865     1564             10003
GglPay UTRECHTART8004471892
NEW YORK
NY
1564             10003",GglPay UTRECHTART800NEW YORK            NY,21 EAST 13TH ST,"NEW YORK
NY",10003-4405,UNITED STATES,'320240180946963647',Merchandise & Supplies-Arts & Jewelry,Art supplies
01/17/2024,KEY FOOD            BROOKLYN            NY,73.52,"005204001517184539277
GROCERY STORES
KEY FOOD
BROOKLYN
NY
GROCERY STORES
7184539277",KEY FOOD            BROOKLYN            NY,200 MALCOLM X BLVD,"BROOKLYN
NY",11221,UNITED STATES,'320240180955342323',Merchandise & Supplies-Groceries,grocery
01/15/2024,AMAZON MARKEPLACE NA PA,54.99,"6I20ZUTHNDR MERCHANDISE
AMAZON MARKETPLACE NA PA
AMZN.COM/BILL
WA
MERCHANDISE",AMAZON MARKETPLACE NAMZN.COM/BILL       WA,410 TERRY AVE N,"SEATTLE
WA",98109,UNITED STATES,'320240150881684149',Merchandise & Supplies-Internet Purchase,"online,retail"
01/15/2024,AMAZON MARKEPLACE NA PA,115.97,"6ND579FM5G2 MERCHANDISE
AMAZON MARKETPLACE NA PA
AMZN.COM/BILL
WA
MERCHANDISE",AMAZON MARKETPLACE NAMZN.COM/BILL       WA,410 TERRY AVE N,"SEATTLE
WA",98109,UNITED STATES,'320240150879981307',Merchandise & Supplies-Internet Purchase,"online,retail"
01/15/2024,GglPay NYCT PAYGO   NEW YORK            NY,2.90,"00713810336 LOCAL TRANSPORTATION
GglPay NYCT PAYGO
NEW YORK
NY
LOCAL TRANSPORTATION",GglPay NYCT PAYGO   NEW YORK            NY,"ATTN NYCT CONTROLLER
2 BROADWAY 15TH FLOOR","NEW YORK
NY",10004,UNITED STATES,'320240160912197597',Transportation-Rail Services,ny subway
01/15/2024,GglPay NYCT PAYGO   NEW YORK            NY,2.90,"00713846088 LOCAL TRANSPORTATION
GglPay NYCT PAYGO
NEW YORK
NY
LOCAL TRANSPORTATION",GglPay NYCT PAYGO   NEW YORK            NY,"ATTN NYCT CONTROLLER
2 BROADWAY 15TH FLOOR","NEW YORK
NY",10004,UNITED STATES,'320240160912426380',Transportation-Rail Services,ny subway
01/15/2024,KEY FOOD            BROOKLYN            NY,24.17,"004804001677184539277
GROCERY STORES
KEY FOOD
BROOKLYN
NY
GROCERY STORES
7184539277",KEY FOOD            BROOKLYN            NY,200 MALCOLM X BLVD,"BROOKLYN
NY",11221,UNITED STATES,'320240160909854266',Merchandise & Supplies-Groceries,grocery
01/14/2024,GglPay NYCT PAYGO   NEW YORK            NY,2.90,"00713583810 LOCAL TRANSPORTATION
GglPay NYCT PAYGO
NEW YORK
NY
LOCAL TRANSPORTATION",GglPay NYCT PAYGO   NEW YORK            NY,"ATTN NYCT CONTROLLER
2 BROADWAY 15TH FLOOR","NEW YORK
NY",10004,UNITED STATES,'320240150891472218',Transportation-Rail Services,ny subway
01/14/2024,GglPay PEOPLES DEPARBROOKLYN            NY,54.36,"73011004014 PAUL@VANDASALES.COM
GglPay PEOPLES DEPARTMENT STORE 9416024130
BROOKLYN
NY
PAUL@VANDASALES.COM",GglPay PEOPLES DEPARBROOKLYN            NY,4 RALPH AVE,"BROOKLYN
NY",11221,UNITED STATES,'320240150894896250',Merchandise & Supplies-Department Stores,retail
01/14/2024,GglPay WALGREENS    BROOKLYN            NY,160.98,"99999994015NONE             11221
PHARMACIES
GglPay WALGREENS
BROOKLYN
NY
PHARMACIES
NONE             11221",GglPay WALGREENS    BROOKLYN            NY,1032 GATES AVE,"BROOKLYN
NY",11221-3602,UNITED STATES,'320240150887499804',Merchandise & Supplies-Pharmacies,pharmacy
01/14/2024,KEY FOOD            BROOKLYN            NY,15.81,"004803000997184539277
GROCERY STORES
KEY FOOD
BROOKLYN
NY
GROCERY STORES
7184539277",KEY FOOD            BROOKLYN            NY,200 MALCOLM X BLVD,"BROOKLYN
NY",11221,UNITED STATES,'320240150888506981',Merchandise & Supplies-Groceries,grocery
01/14/2024,PAYPAL *METAPLATFOR 6505434800          CA,4.25,"10140427087 6505434800
PAYPAL *METAPLATFOR
6505434800
CA
Description : ADVERTISING Price : 0.00
6505434800",PAYPAL *METAPLATFOR 6505434800          CA,1601 SOUTH CALIFORNIA AVE,"PALO ALTO
CA",94304,UNITED STATES,'320240150891529756',Business Services-Advertising Services,social media
01/13/2024,ALAMO LIBERTY RESTAUBROOKLYN HEIG       NY,27.81,"99999994014 3322163200
ALAMO LIBERTY RESTAURANT 000002103
BROOKLYN HEIG
NY
Description : REFER TO RECEIPT Price : 0.00
3322163200",ALAMO LIBERTY RESTAUBROOKLYN HEIG       NY,"28 LIBERTY ST
STE SC301","BROOKLYN HEIGHTS
NY",11201,UNITED STATES,'320240150893706405',Restaurant-Restaurant,"movies,restaurant"
01/13/2024,GglPay NYCT PAYGO   NEW YORK            NY,2.90,"00713594605 LOCAL TRANSPORTATION
GglPay NYCT PAYGO
NEW YORK
NY
LOCAL TRANSPORTATION",GglPay NYCT PAYGO   NEW YORK            NY,"ATTN NYCT CONTROLLER
2 BROADWAY 15TH FLOOR","NEW YORK
NY",10004,UNITED STATES,'320240140864842181',Transportation-Rail Services,ny subway
01/13/2024,GglPay NYCT PAYGO   NEW YORK            NY,2.90,"00713556161 LOCAL TRANSPORTATION
GglPay NYCT PAYGO
NEW YORK
NY
LOCAL TRANSPORTATION",GglPay NYCT PAYGO   NEW YORK            NY,"ATTN NYCT CONTROLLER
2 BROADWAY 15TH FLOOR","NEW YORK
NY",10004,UNITED STATES,'320240140865307031',Transportation-Rail Services,ny subway
01/13/2024,KEY FOOD            BROOKLYN            NY,51.23,"004802001187184539277
GROCERY STORES
KEY FOOD
BROOKLYN
NY
GROCERY STORES
7184539277",KEY FOOD            BROOKLYN            NY,200 MALCOLM X BLVD,"BROOKLYN
NY",11221,UNITED STATES,'320240140865130038',Merchandise & Supplies-Groceries,grocery
01/13/2024,KEY FOOD 2182 000002BROOKLYN            NY,13.69,"99999994014 7184539277
KEY FOOD 2182 000002182
BROOKLYN
NY
Description : GROCERY STORES Price : 0.1369
7184539277",KEY FOOD 2182 000002BROOKLYN            NY,245 MALCOLM X BLVD,"BROOKLYN
NY",11233,UNITED STATES,'320240140866320406',Merchandise & Supplies-Groceries,grocery
01/13/2024,MOBILE PAYMENT - THANK YOU,-4000.00,MOBILE PAYMENT - THANK YOU,MOBILE PAYMENT - THANK YOU,,,,,'320240130831096810',,
01/13/2024,PAYPAL *FANDANGO    8668575191          CA,21.18,"10140384526 8668575191
PAYPAL *FANDANGO
8668575191
CA
Description : CREDIT UNION Price : 0.00
8668575191",PAYPAL *FANDANGO    8668575191          CA,"407 NORTH MAPLE DR
SUITE 300","BEVERLY HILLS
CA",90210,UNITED STATES,'320240140869628308',Entertainment-Theatrical Events,movies
01/12/2024,THE HOME DEPOT      BROOKLYN            NY,34.21,"01120695713 800-654-0688
THE HOME DEPOT
BROOKLYN
NY
800-654-0688",THE HOME DEPOT      BROOKLYN            NY,585 DEKALB AVE,"BROOKLYN
NY",11205,UNITED STATES,'320240130834169277',Merchandise & Supplies-Hardware Supplies,home improvement
01/11/2024,GglPay PREMIER FOOD BROOKLYN            NY,7.98,"99999994012 7184452431
GglPay PREMIER FOOD FRESH MARKET 000000001
BROOKLYN
NY
Description : GROCERY STORES Price : 0.0798
7184452431",GglPay PREMIER FOOD BROOKLYN            NY,1165 BROADWAY,"BROOKLYN
NY",11221-7485,UNITED STATES,'320240120817432228',Merchandise & Supplies-Groceries,grocery
01/11/2024,GglPay USPS PO 35080BROOKLYN            NY,28.75,"01116100435 8282621171
GglPay USPS PO 3508040310 001356467
BROOKLYN
NY
Description : POST SVCS GO Price : 0.2875
8282621171",GglPay USPS PO 35080BROOKLYN            NY,1369 BROADWAY,"BROOKLYN
NY",11221,UNITED STATES,'320240120823113055',Business Services-Mailing & Shipping,mail
01/10/2024,KEY FOOD            BROOKLYN            NY,19.47,"00470200092 7184539277
KEY FOOD
BROOKLYN
NY
Description : GROCERY STORES Price : 0.1947
7184539277",KEY FOOD            BROOKLYN            NY,200 MALCOLM X BLVD,"BROOKLYN
NY",11221,UNITED STATES,'320240110793467569',Merchandise & Supplies-Groceries,grocery
01/08/2024,KEY FOOD            BROOKLYN            NY,68.80,"00520300136 7184539277
KEY FOOD
BROOKLYN
NY
Description : GROCERY STORES Price : 0.688
7184539277",KEY FOOD            BROOKLYN            NY,200 MALCOLM X BLVD,"BROOKLYN
NY",11221,UNITED STATES,'320240090746286570',Merchandise & Supplies-Groceries,grocery
01/08/2024,THE HOME DEPOT      BROOKLYN            NY,29.01,"01080695727 800-654-0688
THE HOME DEPOT
BROOKLYN
NY
800-654-0688",THE HOME DEPOT      BROOKLYN            NY,585 DEKALB AVE,"BROOKLYN
NY",11205,UNITED STATES,'320240090738250904',Merchandise & Supplies-Hardware Supplies,home improvement
01/07/2024,THE HOME DEPOT 6957 BROOKLYN            NY,523.61,"69572024-01 HOME SUPPLY WAREHOUSE
THE HOME DEPOT 6957
BROOKLYN
NY
HOME SUPPLY WAREHOUSE",THE HOME DEPOT 6957 BROOKLYN            NY,585 DEKALB AVE,"BROOKLYN
NY",11205,UNITED STATES,'320240080720624717',Merchandise & Supplies-Hardware Supplies,home improvement
01/06/2024,KEY FOOD            BROOKLYN            NY,48.86,"00570400155 7184539277
KEY FOOD
BROOKLYN
NY
Description : GROCERY STORES Price : 0.4886
7184539277",KEY FOOD            BROOKLYN            NY,200 MALCOLM X BLVD,"BROOKLYN
NY",11221,UNITED STATES,'320240070703576885',Merchandise & Supplies-Groceries,grocery
01/05/2024,KEY FOOD            BROOKLYN            NY,59.79,"005704000147184539277
GROCERY STORES
KEY FOOD
BROOKLYN
NY
GROCERY STORES
7184539277",KEY FOOD            BROOKLYN            NY,200 MALCOLM X BLVD,"BROOKLYN
NY",11221,UNITED STATES,'320240060683154511',Merchandise & Supplies-Groceries,grocery
01/03/2024,GglPay MALCOLM X CONBROOKLYN            NY,83.19,"85183534004917-378-8990
GglPay MALCOLM X CONVENIENCE
BROOKLYN
NY
917-378-8990",GglPay MALCOLM X CONBROOKLYN            NY,199 MALCOLM X BLVD,"BROOKLYN
NY",11221,UNITED STATES,'320240040643339041',Merchandise & Supplies-Groceries,head shop
01/03/2024,GglPay NYCT PAYGO   NEW YORK            NY,2.90,"00711867993 LOCAL TRANSPORTATION
GglPay NYCT PAYGO
NEW YORK
NY
LOCAL TRANSPORTATION",GglPay NYCT PAYGO   NEW YORK            NY,"ATTN NYCT CONTROLLER
2 BROADWAY 15TH FLOOR","NEW YORK
NY",10004,UNITED STATES,'320240040630843746',Transportation-Rail Services,ny subway
01/03/2024,GglPay NYCT PAYGO   NEW YORK            NY,8.25,"00711883981 LOCAL TRANSPORTATION
GglPay NYCT PAYGO
NEW YORK
NY
LOCAL TRANSPORTATION",GglPay NYCT PAYGO   NEW YORK            NY,"ATTN NYCT CONTROLLER
2 BROADWAY 15TH FLOOR","NEW YORK
NY",10004,UNITED STATES,'320240040630844068',Transportation-Rail Services,ny subway
01/03/2024,KEY FOOD            BROOKLYN            NY,33.93,"00520200037 7184539277
KEY FOOD
BROOKLYN
NY
Description : GROCERY STORES Price : 0.3393
7184539277",KEY FOOD            BROOKLYN            NY,200 MALCOLM X BLVD,"BROOKLYN
NY",11221,UNITED STATES,'320240040634070773',Merchandise & Supplies-Groceries,grocery
01/02/2024,DELTA AIR LINES,253.10,"18002211212
PASSENGER TICKET
DELTA AIR LINES
ATLANTA
Carrier : DELTA AIR LINES
Passenger Name : MONCADA/AUNER RAMON
Ticket Number : 00621999423415
Departure Day : 01/03
Additional Info : PASSENGER TICKET
From : ATLANTA HARTSFIELD
To : N.Y. J F KENNEDY I
Class : U",DELTA AIR LINES     ATLANTA,ATLANTA AIRPORT,"ATLANTA
GA",30344,UNITED STATES,'320240020589226453',Travel-Airline,travel
01/02/2024,VERIZONRECURRING PAY800-VERIZON         FL,59.99,"281056631151572994090001    32746
VERIZONRECURRING PAY
800-VERIZON
FL
1572994090001    32746",VERIZONRECURRING PAY800-VERIZON         FL,"600 HIDDEN RDG HQE04N40
PO BOX 152092","IRVING
TX",75015,UNITED STATES,'320240020582934442',Communications-Telephone Comm,internet
01/01/2024,SHELL SERVICE STATIOMARIETTA            GA,12.76,"00000008772 7704281222
SHELL SERVICE STATION 21685220490
MARIETTA
GA
7704281222",SHELL SERVICE STATIOMARIETTA            GA,"ATTN TEXACO CHARGEBACKS
12700 NORTHBOROUGH","HOUSTON
TX",77067,UNITED STATES,'320240020586431985',Transportation-Fuel,gas
12/31/2023,DELTA AIR LINES,1384.40,"18002211212
PASSENGER TICKET
DELTA AIR LINES
ATLANTA
Carrier : DELTA AIR LINES
Passenger Name : MONCADA/AUNER RAMON
Ticket Number : 00621989777780
Departure Day : 02/07
Additional Info : PASSENGER TICKET
From : N.Y. J F KENNEDY I
To : SANTIAGO COMODORO
Class : Q
From : SANTIAGO COMODORO
To : RIO DE JANEIRO INT
Class : Q
From : RIO DE JANEIRO INT
To : N.Y. J F KENNEDY I
Class : Q",DELTA AIR LINES     ATLANTA,ATLANTA AIRPORT,"ATLANTA
GA",30344,UNITED STATES,'320233650549207806',Travel-Airline,travel
12/31/2023,PAYPAL *FANDANGO    8668575191          CA,10.90,"10139367258 8668575191
PAYPAL *FANDANGO
8668575191
CA
Description : CREDIT UNION Price : 0.00
8668575191",PAYPAL *FANDANGO    8668575191          CA,"407 NORTH MAPLE DR
SUITE 300","BEVERLY HILLS
CA",90210,UNITED STATES,'320240010567387652',Entertainment-Theatrical Events,movies
12/30/2023,Con Edison Bill Paym(866)405-1924       NY,41.17,"48503272193 UTILITIES
Con Edison Bill Payment
(866)405-1924
NY
UTILITIES",Con Edison Bill Paym(866)405-1924       NY,"4 IRVING PLACE 2ND
FLOOR","NEW YORK
NY",10003,UNITED STATES,'320233650539057426',Other-Utilities,electric